search_func,size,hit,times
Linear,10,HIT,3.590015694499016e-05
Linear,10,HIT,2.5700079277157784e-05
Linear,10,HIT,2.450007013976574e-05
Linear,10,HIT,2.3999949917197227e-05
Linear,10,HIT,2.4399952962994576e-05
Linear,10,HIT,2.4499837309122086e-05
Linear,10,HIT,2.4999957531690598e-05
Linear,10,HIT,2.4900073185563087e-05
Linear,10,HIT,2.4399952962994576e-05
Linear,10,HIT,2.4600187316536903e-05
Linear,50,HIT,3.4999800845980644e-05
Linear,50,HIT,2.6399968191981316e-05
Linear,50,HIT,2.5899847969412804e-05
Linear,50,HIT,2.550007775425911e-05
Linear,50,HIT,2.5899847969412804e-05
Linear,50,HIT,2.5900080800056458e-05
Linear,50,HIT,2.569984644651413e-05
Linear,50,HIT,2.5399960577487946e-05
Linear,50,HIT,2.5800196453928947e-05
Linear,50,HIT,2.5899847969412804e-05
Linear,100,HIT,4.409998655319214e-05
Linear,100,HIT,3.750016912817955e-05
Linear,100,HIT,3.639981150627136e-05
Linear,100,HIT,3.5400036722421646e-05
Linear,100,HIT,3.5800039768218994e-05
Linear,100,HIT,3.560003824532032e-05
Linear,100,HIT,3.510015085339546e-05
Linear,100,HIT,3.5499921068549156e-05
Linear,100,HIT,3.5499921068549156e-05
Linear,100,HIT,3.490014933049679e-05
Linear,500,HIT,4.650000482797623e-05
Linear,500,HIT,3.8899946957826614e-05
Linear,500,HIT,3.8899946957826614e-05
Linear,500,HIT,3.8400059565901756e-05
Linear,500,HIT,3.860006108880043e-05
Linear,500,HIT,3.8499943912029266e-05
Linear,500,HIT,3.879982978105545e-05
Linear,500,HIT,3.920006565749645e-05
Linear,500,HIT,3.8800062611699104e-05
Linear,500,HIT,3.8499943912029266e-05
Linear,1000,HIT,5.8099860325455666e-05
Linear,1000,HIT,5.219993181526661e-05
Linear,1000,HIT,5.150004290044308e-05
Linear,1000,HIT,4.9900030717253685e-05
Linear,1000,HIT,5.050003528594971e-05
Linear,1000,HIT,5.140015855431557e-05
Linear,1000,HIT,5.120015703141689e-05
Linear,1000,HIT,5.110003985464573e-05
Linear,1000,HIT,6.889994256198406e-05
Linear,1000,HIT,5.570007488131523e-05
Linear,5000,HIT,0.000246899900957942
Linear,5000,HIT,0.00023879995569586754
Linear,5000,HIT,0.00023959996178746223
Linear,5000,HIT,0.0002392998430877924
Linear,5000,HIT,0.00023950007744133472
Linear,5000,HIT,0.00023840018548071384
Linear,5000,HIT,0.00023729982785880566
Linear,5000,HIT,0.00023930007591843605
Linear,5000,HIT,0.00030399998649954796
Linear,5000,HIT,0.0002644001506268978
Linear,10000,HIT,0.0003167001996189356
Linear,10000,HIT,0.0003100999165326357
Linear,10000,HIT,0.0003037999849766493
Linear,10000,HIT,0.0003353999927639961
Linear,10000,HIT,0.0003013999667018652
Linear,10000,HIT,0.0003059001173824072
Linear,10000,HIT,0.00030700000934302807
Linear,10000,HIT,0.00030450010672211647
Linear,10000,HIT,0.0003106999211013317
Linear,10000,HIT,0.00030790013261139393
Linear,50000,HIT,0.006047599948942661
Linear,50000,HIT,0.005988399963825941
Linear,50000,HIT,0.0065258999820798635
Linear,50000,HIT,0.006076200166717172
Linear,50000,HIT,0.006182700162753463
Linear,50000,HIT,0.006118700141087174
Linear,50000,HIT,0.0059980000369250774
Linear,50000,HIT,0.006074500037357211
Linear,50000,HIT,0.006162400124594569
Linear,50000,HIT,0.006199500057846308
Linear,100000,HIT,0.0016429999377578497
Linear,100000,HIT,0.0017117999959737062
Linear,100000,HIT,0.0015348999295383692
Linear,100000,HIT,0.0015151998959481716
Linear,100000,HIT,0.0015495000407099724
Linear,100000,HIT,0.0016240999102592468
Linear,100000,HIT,0.0018303000833839178
Linear,100000,HIT,0.0015414999797940254
Linear,100000,HIT,0.0015285001136362553
Linear,100000,HIT,0.0015453000087291002
Linear,500000,HIT,0.04344230005517602
Linear,500000,HIT,0.04291240009479225
Linear,500000,HIT,0.04345100000500679
Linear,500000,HIT,0.041823700070381165
Linear,500000,HIT,0.042266299948096275
Linear,500000,HIT,0.042982300044968724
Linear,500000,HIT,0.042974699987098575
Linear,500000,HIT,0.042305399896577
Linear,500000,HIT,0.042135899886488914
Linear,500000,HIT,0.04287949996069074
Linear,1000000,HIT,0.09706149995326996
Linear,1000000,HIT,0.0984281999990344
Linear,1000000,HIT,0.09610809991136193
Linear,1000000,HIT,0.09824920003302395
Linear,1000000,HIT,0.09601849992759526
Linear,1000000,HIT,0.09801009995862842
Linear,1000000,HIT,0.09622370009310544
Linear,1000000,HIT,0.09690560004673898
Linear,1000000,HIT,0.09581399988383055
Linear,1000000,HIT,0.0972812999971211
Linear,5000000,HIT,0.5683184999506921
Linear,5000000,HIT,0.5683296001516283
Linear,5000000,HIT,0.5603145000059158
Linear,5000000,HIT,0.557429000036791
Linear,5000000,HIT,0.5619299001991749
Linear,5000000,HIT,0.574359699850902
Linear,5000000,HIT,0.570474699838087
Linear,5000000,HIT,0.563611000077799
Linear,5000000,HIT,0.559109800029546
Linear,5000000,HIT,0.5617184999864548
Linear,10000000,HIT,0.17263339995406568
Linear,10000000,HIT,0.1705167000181973
Linear,10000000,HIT,0.17065600003115833
Linear,10000000,HIT,0.17065429990179837
Linear,10000000,HIT,0.16974229994229972
Linear,10000000,HIT,0.17002320010215044
Linear,10000000,HIT,0.17414849996566772
Linear,10000000,HIT,0.17369279987178743
Linear,10000000,HIT,0.16963339992798865
Linear,10000000,HIT,0.17040709988214076
Linear,10,MISS,3.569992259144783e-05
Linear,10,MISS,2.5900080800056458e-05
Linear,10,MISS,2.5300076231360435e-05
Linear,10,MISS,2.4999957531690598e-05
Linear,10,MISS,2.519995905458927e-05
Linear,10,MISS,2.4800188839435577e-05
Linear,10,MISS,2.519995905458927e-05
Linear,10,MISS,2.510007470846176e-05
Linear,10,MISS,2.5900080800056458e-05
Linear,10,MISS,2.5799963623285294e-05
Linear,50,MISS,3.600004129111767e-05
Linear,50,MISS,3.0800001695752144e-05
Linear,50,MISS,3.0399998649954796e-05
Linear,50,MISS,4.83999028801918e-05
Linear,50,MISS,4.579988308250904e-05
Linear,50,MISS,3.0899886041879654e-05
Linear,50,MISS,3.0099879950284958e-05
Linear,50,MISS,3.0299881473183632e-05
Linear,50,MISS,3.0099879950284958e-05
Linear,50,MISS,2.9799994081258774e-05
Linear,100,MISS,4.160008393228054e-05
Linear,100,MISS,3.4700147807598114e-05
Linear,100,MISS,3.4700147807598114e-05
Linear,100,MISS,3.42000275850296e-05
Linear,100,MISS,3.400002606213093e-05
Linear,100,MISS,3.460003063082695e-05
Linear,100,MISS,3.4300144761800766e-05
Linear,100,MISS,3.400002606213093e-05
Linear,100,MISS,3.409991040825844e-05
Linear,100,MISS,3.3700140193104744e-05
Linear,500,MISS,8.659996092319489e-05
Linear,500,MISS,7.899990305304527e-05
Linear,500,MISS,7.71998893469572e-05
Linear,500,MISS,7.770000956952572e-05
Linear,500,MISS,7.830001413822174e-05
Linear,500,MISS,7.789977826178074e-05
Linear,500,MISS,7.800012826919556e-05
Linear,500,MISS,0.00021319999359548092
Linear,500,MISS,0.00010289996862411499
Linear,500,MISS,8.270004764199257e-05
Linear,1000,MISS,0.0001564000267535448
Linear,1000,MISS,0.0001466998364776373
Linear,1000,MISS,0.00014070002362132072
Linear,1000,MISS,0.0001754998229444027
Linear,1000,MISS,0.00015760003589093685
Linear,1000,MISS,0.00013580010272562504
Linear,1000,MISS,0.00013880012556910515
Linear,1000,MISS,0.00013839988969266415
Linear,1000,MISS,0.0001362999901175499
Linear,1000,MISS,0.00013830000534653664
Linear,5000,MISS,0.0007477998733520508
Linear,5000,MISS,0.0008070999756455421
Linear,5000,MISS,0.0006631000433117151
Linear,5000,MISS,0.0006232999730855227
Linear,5000,MISS,0.000598300015553832
Linear,5000,MISS,0.0005967000033706427
Linear,5000,MISS,0.0005967998877167702
Linear,5000,MISS,0.0005844999104738235
Linear,5000,MISS,0.0005876000504940748
Linear,5000,MISS,0.0005813001189380884
Linear,10000,MISS,0.0013941999059170485
Linear,10000,MISS,0.0011795999016612768
Linear,10000,MISS,0.0011770999990403652
Linear,10000,MISS,0.0011679001618176699
Linear,10000,MISS,0.0012314999476075172
Linear,10000,MISS,0.0012010999489575624
Linear,10000,MISS,0.0011889999732375145
Linear,10000,MISS,0.0012042999733239412
Linear,10000,MISS,0.0011990999337285757
Linear,10000,MISS,0.0012076999992132187
Linear,50000,MISS,0.005882299970835447
Linear,50000,MISS,0.005875800037756562
Linear,50000,MISS,0.0056893001310527325
Linear,50000,MISS,0.005976400105282664
Linear,50000,MISS,0.005944000091403723
Linear,50000,MISS,0.005640899995341897
Linear,50000,MISS,0.006319600157439709
Linear,50000,MISS,0.005757299950346351
Linear,50000,MISS,0.005663600051775575
Linear,50000,MISS,0.005578000098466873
Linear,100000,MISS,0.011788700008764863
Linear,100000,MISS,0.011303599923849106
Linear,100000,MISS,0.011652200017124414
Linear,100000,MISS,0.01172850001603365
Linear,100000,MISS,0.011752299964427948
Linear,100000,MISS,0.011834100121632218
Linear,100000,MISS,0.01139939995482564
Linear,100000,MISS,0.011401399970054626
Linear,100000,MISS,0.011927099898457527
Linear,100000,MISS,0.011942599900066853
Linear,500000,MISS,0.06060370011255145
Linear,500000,MISS,0.058429300086572766
Linear,500000,MISS,0.05893669999204576
Linear,500000,MISS,0.05785820004530251
Linear,500000,MISS,0.05876490008085966
Linear,500000,MISS,0.059033399913460016
Linear,500000,MISS,0.05732169980183244
Linear,500000,MISS,0.0563464998267591
Linear,500000,MISS,0.05905439984053373
Linear,500000,MISS,0.05906010000035167
Linear,1000000,MISS,0.11645520012825727
Linear,1000000,MISS,0.1155684997793287
Linear,1000000,MISS,0.11903639999218285
Linear,1000000,MISS,0.116359599865973
Linear,1000000,MISS,0.1164892001543194
Linear,1000000,MISS,0.11585789988748729
Linear,1000000,MISS,0.11510249995626509
Linear,1000000,MISS,0.1162485999520868
Linear,1000000,MISS,0.1174989000428468
Linear,1000000,MISS,0.11681789997965097
Linear,5000000,MISS,0.6231102000456303
Linear,5000000,MISS,0.6278132000006735
Linear,5000000,MISS,0.6256069999653846
Linear,5000000,MISS,0.6237459999974817
Linear,5000000,MISS,0.6341017000377178
Linear,5000000,MISS,0.622412099968642
Linear,5000000,MISS,0.6248606001026928
Linear,5000000,MISS,0.6195970999542624
Linear,5000000,MISS,0.6310085000004619
Linear,5000000,MISS,0.6301478000823408
Linear,10000000,MISS,1.2569054998457432
Linear,10000000,MISS,1.2613997000735253
Linear,10000000,MISS,1.2765011000446975
Linear,10000000,MISS,1.2498620001133531
Linear,10000000,MISS,1.247751499991864
Linear,10000000,MISS,1.2580695999786258
Linear,10000000,MISS,1.270079799927771
Linear,10000000,MISS,1.263043199898675
Linear,10000000,MISS,1.2647053999826312
Linear,10000000,MISS,1.2589551999699324
Binary,10,HIT,3.4400029107928276e-05
Binary,10,HIT,2.6799971237778664e-05
Binary,10,HIT,2.519995905458927e-05
Binary,10,HIT,2.4300068616867065e-05
Binary,10,HIT,2.4799956008791924e-05
Binary,10,HIT,2.5399960577487946e-05
Binary,10,HIT,2.450007013976574e-05
Binary,10,HIT,2.469983883202076e-05
Binary,10,HIT,2.450007013976574e-05
Binary,10,HIT,2.4700071662664413e-05
Binary,50,HIT,4.069996066391468e-05
Binary,50,HIT,2.7799978852272034e-05
Binary,50,HIT,2.71000899374485e-05
Binary,50,HIT,2.6999972760677338e-05
Binary,50,HIT,2.7299858629703522e-05
Binary,50,HIT,2.659996971487999e-05
Binary,50,HIT,2.6799971237778664e-05
Binary,50,HIT,2.719997428357601e-05
Binary,50,HIT,2.6899855583906174e-05
Binary,50,HIT,2.659996971487999e-05
Binary,100,HIT,3.869994543492794e-05
Binary,100,HIT,2.8300099074840546e-05
Binary,100,HIT,2.859998494386673e-05
Binary,100,HIT,2.810009755194187e-05
Binary,100,HIT,2.8399983420968056e-05
Binary,100,HIT,2.7800211682915688e-05
Binary,100,HIT,2.8199981898069382e-05
Binary,100,HIT,2.8399983420968056e-05
Binary,100,HIT,2.7899863198399544e-05
Binary,100,HIT,2.7900096029043198e-05
Binary,500,HIT,3.600004129111767e-05
Binary,500,HIT,2.9700109735131264e-05
Binary,500,HIT,2.95999925583601e-05
Binary,500,HIT,2.9399991035461426e-05
Binary,500,HIT,2.9700109735131264e-05
Binary,500,HIT,2.9199989512562752e-05
Binary,500,HIT,2.9399991035461426e-05
Binary,500,HIT,2.9299873858690262e-05
Binary,500,HIT,2.9399991035461426e-05
Binary,500,HIT,2.9100105166435242e-05
Binary,1000,HIT,3.909994848072529e-05
Binary,1000,HIT,2.9799994081258774e-05
Binary,1000,HIT,2.9999995604157448e-05
Binary,1000,HIT,2.9399991035461426e-05
Binary,1000,HIT,2.969987690448761e-05
Binary,1000,HIT,2.9900111258029938e-05
Binary,1000,HIT,2.9900111258029938e-05
Binary,1000,HIT,2.9700109735131264e-05
Binary,1000,HIT,2.9399991035461426e-05
Binary,1000,HIT,2.9900111258029938e-05
Binary,5000,HIT,3.9599835872650146e-05
Binary,5000,HIT,3.229989670217037e-05
Binary,5000,HIT,3.260001540184021e-05
Binary,5000,HIT,3.2499898225069046e-05
Binary,5000,HIT,3.1700124964118004e-05
Binary,5000,HIT,3.2599782571196556e-05
Binary,5000,HIT,3.200001083314419e-05
Binary,5000,HIT,3.150012344121933e-05
Binary,5000,HIT,3.160000778734684e-05
Binary,5000,HIT,3.20998951792717e-05
Binary,10000,HIT,4.069996066391468e-05
Binary,10000,HIT,3.260001540184021e-05
Binary,10000,HIT,3.229989670217037e-05
Binary,10000,HIT,3.110012039542198e-05
Binary,10000,HIT,3.169989213347435e-05
Binary,10000,HIT,3.169989213347435e-05
Binary,10000,HIT,3.190012648701668e-05
Binary,10000,HIT,3.160000778734684e-05
Binary,10000,HIT,3.1800009310245514e-05
Binary,10000,HIT,3.120000474154949e-05
Binary,50000,HIT,4.109996370971203e-05
Binary,50000,HIT,3.190012648701668e-05
Binary,50000,HIT,3.1300121918320656e-05
Binary,50000,HIT,3.0800001695752144e-05
Binary,50000,HIT,3.100000321865082e-05
Binary,50000,HIT,3.1299889087677e-05
Binary,50000,HIT,3.100000321865082e-05
Binary,50000,HIT,3.0800001695752144e-05
Binary,50000,HIT,3.109988756477833e-05
Binary,50000,HIT,3.120000474154949e-05
Binary,100000,HIT,4.20999713242054e-05
Binary,100000,HIT,3.4400029107928276e-05
Binary,100000,HIT,3.3899908885359764e-05
Binary,100000,HIT,3.3499905839562416e-05
Binary,100000,HIT,3.360002301633358e-05
Binary,100000,HIT,3.319978713989258e-05
Binary,100000,HIT,3.3300137147307396e-05
Binary,100000,HIT,3.310013562440872e-05
Binary,100000,HIT,3.3400021493434906e-05
Binary,100000,HIT,3.320001997053623e-05
Binary,500000,HIT,4.119984805583954e-05
Binary,500000,HIT,3.4800032153725624e-05
Binary,500000,HIT,3.410014323890209e-05
Binary,500000,HIT,3.42000275850296e-05
Binary,500000,HIT,3.4400029107928276e-05
Binary,500000,HIT,3.3800024539232254e-05
Binary,500000,HIT,3.369990736246109e-05
Binary,500000,HIT,3.369990736246109e-05
Binary,500000,HIT,7.760012522339821e-05
Binary,500000,HIT,3.560003824532032e-05
Binary,1000000,HIT,4.469999112188816e-05
Binary,1000000,HIT,3.469991497695446e-05
Binary,1000000,HIT,3.4499913454055786e-05
Binary,1000000,HIT,3.3700140193104744e-05
Binary,1000000,HIT,3.400002606213093e-05
Binary,1000000,HIT,3.369990736246109e-05
Binary,1000000,HIT,3.3899908885359764e-05
Binary,1000000,HIT,3.369990736246109e-05
Binary,1000000,HIT,3.369990736246109e-05
Binary,1000000,HIT,3.3400021493434906e-05
Binary,5000000,HIT,4.610000178217888e-05
Binary,5000000,HIT,3.66999302059412e-05
Binary,5000000,HIT,3.6899931728839874e-05
Binary,5000000,HIT,3.600004129111767e-05
Binary,5000000,HIT,3.639981150627136e-05
Binary,5000000,HIT,3.610015846788883e-05
Binary,5000000,HIT,3.619980998337269e-05
Binary,5000000,HIT,3.6800047382712364e-05
Binary,5000000,HIT,3.660004585981369e-05
Binary,5000000,HIT,3.5800039768218994e-05
Binary,10000000,HIT,4.529999569058418e-05
Binary,10000000,HIT,3.620004281401634e-05
Binary,10000000,HIT,3.629992716014385e-05
Binary,10000000,HIT,3.590015694499016e-05
Binary,10000000,HIT,3.5499921068549156e-05
Binary,10000000,HIT,5.010003224015236e-05
Binary,10000000,HIT,3.5499921068549156e-05
Binary,10000000,HIT,3.66999302059412e-05
Binary,10000000,HIT,3.4400029107928276e-05
Binary,10000000,HIT,3.42000275850296e-05
Binary,10,MISS,3.360002301633358e-05
Binary,10,MISS,2.519995905458927e-05
Binary,10,MISS,2.510007470846176e-05
Binary,10,MISS,2.550007775425911e-05
Binary,10,MISS,2.5799963623285294e-05
Binary,10,MISS,2.5399960577487946e-05
Binary,10,MISS,2.54001934081316e-05
Binary,10,MISS,2.5399960577487946e-05
Binary,10,MISS,4.8900023102760315e-05
Binary,10,MISS,2.7099857106804848e-05
Binary,50,MISS,3.719981759786606e-05
Binary,50,MISS,2.7300091460347176e-05
Binary,50,MISS,2.6900088414549828e-05
Binary,50,MISS,2.6999972760677338e-05
Binary,50,MISS,2.6499852538108826e-05
Binary,50,MISS,2.6700086891651154e-05
Binary,50,MISS,2.6900088414549828e-05
Binary,50,MISS,2.6700086891651154e-05
Binary,50,MISS,2.6999972760677338e-05
Binary,50,MISS,0.00014610006473958492
Binary,100,MISS,3.6899931728839874e-05
Binary,100,MISS,2.6899855583906174e-05
Binary,100,MISS,2.6799971237778664e-05
Binary,100,MISS,2.610008232295513e-05
Binary,100,MISS,2.629985101521015e-05
Binary,100,MISS,2.6399968191981316e-05
Binary,100,MISS,2.6399968191981316e-05
Binary,100,MISS,2.5799963623285294e-05
Binary,100,MISS,2.5999965146183968e-05
Binary,100,MISS,2.659996971487999e-05
Binary,500,MISS,3.360002301633358e-05
Binary,500,MISS,2.7899863198399544e-05
Binary,500,MISS,2.7899863198399544e-05
Binary,500,MISS,2.750009298324585e-05
Binary,500,MISS,2.750009298324585e-05
Binary,500,MISS,2.759997732937336e-05
Binary,500,MISS,2.759997732937336e-05
Binary,500,MISS,2.719997428357601e-05
Binary,500,MISS,2.750009298324585e-05
Binary,500,MISS,2.7799978852272034e-05
Binary,1000,MISS,3.529991954565048e-05
Binary,1000,MISS,2.800021320581436e-05
Binary,1000,MISS,2.7800211682915688e-05
Binary,1000,MISS,2.7900096029043198e-05
Binary,1000,MISS,2.7499860152602196e-05
Binary,1000,MISS,2.8099864721298218e-05
Binary,1000,MISS,2.7799978852272034e-05
Binary,1000,MISS,2.7700094506144524e-05
Binary,1000,MISS,2.7700094506144524e-05
Binary,1000,MISS,2.759997732937336e-05
Binary,5000,MISS,4.0700193494558334e-05
Binary,5000,MISS,2.9899878427386284e-05
Binary,5000,MISS,2.9299873858690262e-05
Binary,5000,MISS,2.9299873858690262e-05
Binary,5000,MISS,2.9999995604157448e-05
Binary,5000,MISS,2.9199989512562752e-05
Binary,5000,MISS,2.950010821223259e-05
Binary,5000,MISS,2.9399991035461426e-05
Binary,5000,MISS,2.9399991035461426e-05
Binary,5000,MISS,2.950010821223259e-05
Binary,10000,MISS,3.91998328268528e-05
Binary,10000,MISS,3.0099879950284958e-05
Binary,10000,MISS,2.9199989512562752e-05
Binary,10000,MISS,2.9999995604157448e-05
Binary,10000,MISS,2.9299873858690262e-05
Binary,10000,MISS,2.9099872335791588e-05
Binary,10000,MISS,2.9300106689333916e-05
Binary,10000,MISS,2.8799986466765404e-05
Binary,10000,MISS,2.9799994081258774e-05
Binary,10000,MISS,2.9300106689333916e-05
Binary,50000,MISS,4.0400074794888496e-05
Binary,50000,MISS,3.0800001695752144e-05
Binary,50000,MISS,3.0199997127056122e-05
Binary,50000,MISS,3.0199997127056122e-05
Binary,50000,MISS,3.0399998649954796e-05
Binary,50000,MISS,2.9999995604157448e-05
Binary,50000,MISS,3.0399998649954796e-05
Binary,50000,MISS,2.9999995604157448e-05
Binary,50000,MISS,2.9999995604157448e-05
Binary,50000,MISS,2.9799994081258774e-05
Binary,100000,MISS,3.850017674267292e-05
Binary,100000,MISS,3.1299889087677e-05
Binary,100000,MISS,3.0399998649954796e-05
Binary,100000,MISS,3.050011582672596e-05
Binary,100000,MISS,3.0800001695752144e-05
Binary,100000,MISS,3.0700117349624634e-05
Binary,100000,MISS,3.0199997127056122e-05
Binary,100000,MISS,3.060000017285347e-05
Binary,100000,MISS,3.0300114303827286e-05
Binary,100000,MISS,3.0300114303827286e-05
Binary,500000,MISS,4.019984044134617e-05
Binary,500000,MISS,3.309990279376507e-05
Binary,500000,MISS,3.2300129532814026e-05
Binary,500000,MISS,3.229989670217037e-05
Binary,500000,MISS,3.2400013878941536e-05
Binary,500000,MISS,3.1800009310245514e-05
Binary,500000,MISS,3.210012800991535e-05
Binary,500000,MISS,3.210012800991535e-05
Binary,500000,MISS,3.2400013878941536e-05
Binary,500000,MISS,3.560003824532032e-05
Binary,1000000,MISS,4.069996066391468e-05
Binary,1000000,MISS,3.220001235604286e-05
Binary,1000000,MISS,3.1800009310245514e-05
Binary,1000000,MISS,3.1800009310245514e-05
Binary,1000000,MISS,3.200001083314419e-05
Binary,1000000,MISS,3.239978104829788e-05
Binary,1000000,MISS,3.1700124964118004e-05
Binary,1000000,MISS,3.200001083314419e-05
Binary,1000000,MISS,3.1800009310245514e-05
Binary,1000000,MISS,3.190012648701668e-05
Binary,5000000,MISS,5.0900038331747055e-05
Binary,5000000,MISS,3.3300137147307396e-05
Binary,5000000,MISS,3.329990431666374e-05
Binary,5000000,MISS,3.269989974796772e-05
Binary,5000000,MISS,3.2700132578611374e-05
Binary,5000000,MISS,3.2899901270866394e-05
Binary,5000000,MISS,3.2899901270866394e-05
Binary,5000000,MISS,3.2899901270866394e-05
Binary,5000000,MISS,3.2800016924738884e-05
Binary,5000000,MISS,3.2899901270866394e-05
Binary,10000000,MISS,4.440010525286198e-05
Binary,10000000,MISS,3.5300152376294136e-05
Binary,10000000,MISS,3.50000336766243e-05
Binary,10000000,MISS,3.529991954565048e-05
Binary,10000000,MISS,3.460003063082695e-05
Binary,10000000,MISS,3.409991040825844e-05
Binary,10000000,MISS,3.4499913454055786e-05
Binary,10000000,MISS,3.42000275850296e-05
Binary,10000000,MISS,3.460003063082695e-05
Binary,10000000,MISS,3.5400036722421646e-05
Hashmap,10,HIT,3.660004585981369e-05
Hashmap,10,HIT,9.96000599116087e-05
Hashmap,10,HIT,2.9399991035461426e-05
Hashmap,10,HIT,2.8300099074840546e-05
Hashmap,10,HIT,2.8900103643536568e-05
Hashmap,10,HIT,2.8199981898069382e-05
Hashmap,10,HIT,2.8199981898069382e-05
Hashmap,10,HIT,2.8199981898069382e-05
Hashmap,10,HIT,2.7700094506144524e-05
Hashmap,10,HIT,2.8399983420968056e-05
Hashmap,50,HIT,3.600004129111767e-05
Hashmap,50,HIT,2.8199981898069382e-05
Hashmap,50,HIT,2.7999980375170708e-05
Hashmap,50,HIT,2.8399983420968056e-05
Hashmap,50,HIT,2.7900096029043198e-05
Hashmap,50,HIT,2.810009755194187e-05
Hashmap,50,HIT,2.810009755194187e-05
Hashmap,50,HIT,2.810009755194187e-05
Hashmap,50,HIT,2.8199981898069382e-05
Hashmap,50,HIT,2.7700094506144524e-05
Hashmap,100,HIT,4.67000063508749e-05
Hashmap,100,HIT,3.0100112780928612e-05
Hashmap,100,HIT,3.0800001695752144e-05
Hashmap,100,HIT,2.9799994081258774e-05
Hashmap,100,HIT,2.8900103643536568e-05
Hashmap,100,HIT,2.8399983420968056e-05
Hashmap,100,HIT,2.8199981898069382e-05
Hashmap,100,HIT,2.7900096029043198e-05
Hashmap,100,HIT,2.7999980375170708e-05
Hashmap,100,HIT,2.7899863198399544e-05
Hashmap,500,HIT,3.6700163036584854e-05
Hashmap,500,HIT,2.9799994081258774e-05
Hashmap,500,HIT,2.8899870812892914e-05
Hashmap,500,HIT,2.9099872335791588e-05
Hashmap,500,HIT,2.9499875381588936e-05
Hashmap,500,HIT,2.8700102120637894e-05
Hashmap,500,HIT,2.8999987989664078e-05
Hashmap,500,HIT,2.9199989512562752e-05
Hashmap,500,HIT,2.859998494386673e-05
Hashmap,500,HIT,2.8799986466765404e-05
Hashmap,1000,HIT,3.7400051951408386e-05
Hashmap,1000,HIT,2.8299866244196892e-05
Hashmap,1000,HIT,2.8399983420968056e-05
Hashmap,1000,HIT,2.8099864721298218e-05
Hashmap,1000,HIT,2.7900096029043198e-05
Hashmap,1000,HIT,2.8199981898069382e-05
Hashmap,1000,HIT,2.8799986466765404e-05
Hashmap,1000,HIT,2.7800211682915688e-05
Hashmap,1000,HIT,2.7700094506144524e-05
Hashmap,1000,HIT,2.8399983420968056e-05
Hashmap,5000,HIT,4.0499959141016006e-05
Hashmap,5000,HIT,2.8299866244196892e-05
Hashmap,5000,HIT,2.8399983420968056e-05
Hashmap,5000,HIT,2.8099864721298218e-05
Hashmap,5000,HIT,2.8399983420968056e-05
Hashmap,5000,HIT,2.8199981898069382e-05
Hashmap,5000,HIT,2.8199981898069382e-05
Hashmap,5000,HIT,2.7900096029043198e-05
Hashmap,5000,HIT,2.7600210160017014e-05
Hashmap,5000,HIT,2.7799978852272034e-05
Hashmap,10000,HIT,3.900006413459778e-05
Hashmap,10000,HIT,2.859998494386673e-05
Hashmap,10000,HIT,2.8399983420968056e-05
Hashmap,10000,HIT,2.8299866244196892e-05
Hashmap,10000,HIT,2.7799978852272034e-05
Hashmap,10000,HIT,2.7799978852272034e-05
Hashmap,10000,HIT,2.7799978852272034e-05
Hashmap,10000,HIT,2.7799978852272034e-05
Hashmap,10000,HIT,2.840021625161171e-05
Hashmap,10000,HIT,2.8299866244196892e-05
Hashmap,50000,HIT,3.7400051951408386e-05
Hashmap,50000,HIT,2.950010821223259e-05
Hashmap,50000,HIT,2.950010821223259e-05
Hashmap,50000,HIT,2.9300106689333916e-05
Hashmap,50000,HIT,2.9399991035461426e-05
Hashmap,50000,HIT,2.95999925583601e-05
Hashmap,50000,HIT,2.9700109735131264e-05
Hashmap,50000,HIT,2.9099872335791588e-05
Hashmap,50000,HIT,2.9799994081258774e-05
Hashmap,50000,HIT,2.9799994081258774e-05
Hashmap,100000,HIT,3.809994086623192e-05
Hashmap,100000,HIT,3.0099879950284958e-05
Hashmap,100000,HIT,2.95999925583601e-05
Hashmap,100000,HIT,2.95999925583601e-05
Hashmap,100000,HIT,2.950010821223259e-05
Hashmap,100000,HIT,2.8700102120637894e-05
Hashmap,100000,HIT,2.9600225389003754e-05
Hashmap,100000,HIT,2.9399991035461426e-05
Hashmap,100000,HIT,2.9100105166435242e-05
Hashmap,100000,HIT,2.8700102120637894e-05
Hashmap,500000,HIT,3.6800047382712364e-05
Hashmap,500000,HIT,2.969987690448761e-05
Hashmap,500000,HIT,2.9799994081258774e-05
Hashmap,500000,HIT,2.9499875381588936e-05
Hashmap,500000,HIT,3.050011582672596e-05
Hashmap,500000,HIT,2.9499875381588936e-05
Hashmap,500000,HIT,2.8999987989664078e-05
Hashmap,500000,HIT,2.9199989512562752e-05
Hashmap,500000,HIT,2.9700109735131264e-05
Hashmap,500000,HIT,2.8900103643536568e-05
Hashmap,1000000,HIT,6.7099928855896e-05
Hashmap,1000000,HIT,2.9999995604157448e-05
Hashmap,1000000,HIT,2.9299873858690262e-05
Hashmap,1000000,HIT,2.9799994081258774e-05
Hashmap,1000000,HIT,2.9199989512562752e-05
Hashmap,1000000,HIT,2.969987690448761e-05
Hashmap,1000000,HIT,2.950010821223259e-05
Hashmap,1000000,HIT,2.95999925583601e-05
Hashmap,1000000,HIT,2.8999987989664078e-05
Hashmap,1000000,HIT,2.950010821223259e-05
Hashmap,5000000,HIT,4.020007327198982e-05
Hashmap,5000000,HIT,2.8299866244196892e-05
Hashmap,5000000,HIT,2.859998494386673e-05
Hashmap,5000000,HIT,2.750009298324585e-05
Hashmap,5000000,HIT,2.7799978852272034e-05
Hashmap,5000000,HIT,2.8199981898069382e-05
Hashmap,5000000,HIT,2.7799978852272034e-05
Hashmap,5000000,HIT,2.7999980375170708e-05
Hashmap,5000000,HIT,2.7999980375170708e-05
Hashmap,5000000,HIT,2.810009755194187e-05
Hashmap,10000000,HIT,3.729993477463722e-05
Hashmap,10000000,HIT,2.8299866244196892e-05
Hashmap,10000000,HIT,2.8399983420968056e-05
Hashmap,10000000,HIT,2.8099864721298218e-05
Hashmap,10000000,HIT,2.8700102120637894e-05
Hashmap,10000000,HIT,2.8299866244196892e-05
Hashmap,10000000,HIT,2.7700094506144524e-05
Hashmap,10000000,HIT,2.759997732937336e-05
Hashmap,10000000,HIT,2.7900096029043198e-05
Hashmap,10000000,HIT,2.759997732937336e-05
Hashmap,10,MISS,3.560003824532032e-05
Hashmap,10,MISS,2.7700094506144524e-05
Hashmap,10,MISS,2.8299866244196892e-05
Hashmap,10,MISS,2.7999980375170708e-05
Hashmap,10,MISS,2.7299858629703522e-05
Hashmap,10,MISS,2.7499860152602196e-05
Hashmap,10,MISS,2.7700094506144524e-05
Hashmap,10,MISS,2.7600210160017014e-05
Hashmap,10,MISS,2.7999980375170708e-05
Hashmap,10,MISS,2.7799978852272034e-05
Hashmap,50,MISS,3.800005652010441e-05
Hashmap,50,MISS,2.8499867767095566e-05
Hashmap,50,MISS,2.7900096029043198e-05
Hashmap,50,MISS,2.8199981898069382e-05
Hashmap,50,MISS,2.7900096029043198e-05
Hashmap,50,MISS,2.810009755194187e-05
Hashmap,50,MISS,2.8300099074840546e-05
Hashmap,50,MISS,2.7700094506144524e-05
Hashmap,50,MISS,2.719997428357601e-05
Hashmap,50,MISS,2.7799978852272034e-05
Hashmap,100,MISS,3.3800024539232254e-05
Hashmap,100,MISS,2.8300099074840546e-05
Hashmap,100,MISS,2.759997732937336e-05
Hashmap,100,MISS,2.7799978852272034e-05
Hashmap,100,MISS,2.7399975806474686e-05
Hashmap,100,MISS,2.759997732937336e-05
Hashmap,100,MISS,2.7700094506144524e-05
Hashmap,100,MISS,2.71000899374485e-05
Hashmap,100,MISS,2.7999980375170708e-05
Hashmap,100,MISS,2.7899863198399544e-05
Hashmap,500,MISS,3.809994086623192e-05
Hashmap,500,MISS,2.7999980375170708e-05
Hashmap,500,MISS,2.8900103643536568e-05
Hashmap,500,MISS,2.8399983420968056e-05
Hashmap,500,MISS,2.850010059773922e-05
Hashmap,500,MISS,2.8300099074840546e-05
Hashmap,500,MISS,2.8199981898069382e-05
Hashmap,500,MISS,2.759997732937336e-05
Hashmap,500,MISS,2.7899863198399544e-05
Hashmap,500,MISS,2.7799978852272034e-05
Hashmap,1000,MISS,3.66999302059412e-05
Hashmap,1000,MISS,2.7999980375170708e-05
Hashmap,1000,MISS,2.7899863198399544e-05
Hashmap,1000,MISS,2.7700094506144524e-05
Hashmap,1000,MISS,2.759997732937336e-05
Hashmap,1000,MISS,2.7799978852272034e-05
Hashmap,1000,MISS,2.7999980375170708e-05
Hashmap,1000,MISS,2.7999980375170708e-05
Hashmap,1000,MISS,2.8300099074840546e-05
Hashmap,1000,MISS,2.7700094506144524e-05
Hashmap,5000,MISS,3.5700155422091484e-05
Hashmap,5000,MISS,2.8399983420968056e-05
Hashmap,5000,MISS,2.8300099074840546e-05
Hashmap,5000,MISS,2.7799978852272034e-05
Hashmap,5000,MISS,7.269997149705887e-05
Hashmap,5000,MISS,4.039984196424484e-05
Hashmap,5000,MISS,2.9300106689333916e-05
Hashmap,5000,MISS,3.0199997127056122e-05
Hashmap,5000,MISS,2.8099864721298218e-05
Hashmap,5000,MISS,2.800021320581436e-05
Hashmap,10000,MISS,3.7499936297535896e-05
Hashmap,10000,MISS,2.9999995604157448e-05
Hashmap,10000,MISS,2.9199989512562752e-05
Hashmap,10000,MISS,2.8999987989664078e-05
Hashmap,10000,MISS,2.8899870812892914e-05
Hashmap,10000,MISS,2.900022082030773e-05
Hashmap,10000,MISS,2.9199989512562752e-05
Hashmap,10000,MISS,2.869986928999424e-05
Hashmap,10000,MISS,2.869986928999424e-05
Hashmap,10000,MISS,2.8900103643536568e-05
Hashmap,50000,MISS,3.700004890561104e-05
Hashmap,50000,MISS,2.9799994081258774e-05
Hashmap,50000,MISS,2.8999987989664078e-05
Hashmap,50000,MISS,2.9799994081258774e-05
Hashmap,50000,MISS,2.9799994081258774e-05
Hashmap,50000,MISS,2.9300106689333916e-05
Hashmap,50000,MISS,2.9399991035461426e-05
Hashmap,50000,MISS,2.8799986466765404e-05
Hashmap,50000,MISS,2.869986928999424e-05
Hashmap,50000,MISS,2.9399991035461426e-05
Hashmap,100000,MISS,3.860006108880043e-05
Hashmap,100000,MISS,2.9300106689333916e-05
Hashmap,100000,MISS,2.9799994081258774e-05
Hashmap,100000,MISS,2.9100105166435242e-05
Hashmap,100000,MISS,2.9299873858690262e-05
Hashmap,100000,MISS,2.8999987989664078e-05
Hashmap,100000,MISS,2.9299873858690262e-05
Hashmap,100000,MISS,2.8900103643536568e-05
Hashmap,100000,MISS,2.8999987989664078e-05
Hashmap,100000,MISS,2.8899870812892914e-05
Hashmap,500000,MISS,3.869994543492794e-05
Hashmap,500000,MISS,2.9700109735131264e-05
Hashmap,500000,MISS,2.9199989512562752e-05
Hashmap,500000,MISS,2.950010821223259e-05
Hashmap,500000,MISS,2.9100105166435242e-05
Hashmap,500000,MISS,2.9399991035461426e-05
Hashmap,500000,MISS,2.940022386610508e-05
Hashmap,500000,MISS,2.8600217774510384e-05
Hashmap,500000,MISS,2.9399991035461426e-05
Hashmap,500000,MISS,2.9300106689333916e-05
Hashmap,1000000,MISS,3.9300182834267616e-05
Hashmap,1000000,MISS,3.0299881473183632e-05
Hashmap,1000000,MISS,3.0300114303827286e-05
Hashmap,1000000,MISS,3.0300114303827286e-05
Hashmap,1000000,MISS,3.0099879950284958e-05
Hashmap,1000000,MISS,3.050011582672596e-05
Hashmap,1000000,MISS,2.9900111258029938e-05
Hashmap,1000000,MISS,3.0100112780928612e-05
Hashmap,1000000,MISS,3.0399998649954796e-05
Hashmap,1000000,MISS,3.0700117349624634e-05
Hashmap,5000000,MISS,3.739981912076473e-05
Hashmap,5000000,MISS,2.9399991035461426e-05
Hashmap,5000000,MISS,2.8900103643536568e-05
Hashmap,5000000,MISS,2.8900103643536568e-05
Hashmap,5000000,MISS,2.9199989512562752e-05
Hashmap,5000000,MISS,2.950010821223259e-05
Hashmap,5000000,MISS,2.9399991035461426e-05
Hashmap,5000000,MISS,3.0299881473183632e-05
Hashmap,5000000,MISS,2.8999987989664078e-05
Hashmap,5000000,MISS,2.9199989512562752e-05
Hashmap,10000000,MISS,4.67000063508749e-05
Hashmap,10000000,MISS,2.9799994081258774e-05
Hashmap,10000000,MISS,2.9300106689333916e-05
Hashmap,10000000,MISS,2.9199989512562752e-05
Hashmap,10000000,MISS,2.9700109735131264e-05
Hashmap,10000000,MISS,2.9799994081258774e-05
Hashmap,10000000,MISS,2.9700109735131264e-05
Hashmap,10000000,MISS,2.9999995604157448e-05
Hashmap,10000000,MISS,2.8399983420968056e-05
Hashmap,10000000,MISS,2.8199981898069382e-05
Bloom,10,HIT,2.3099826648831367e-05
Bloom,10,HIT,1.7900019884109497e-05
Bloom,10,HIT,1.7700018361210823e-05
Bloom,10,HIT,1.759990118443966e-05
Bloom,10,HIT,1.7900019884109497e-05
Bloom,10,HIT,1.7800135537981987e-05
Bloom,10,HIT,1.7700018361210823e-05
Bloom,10,HIT,1.750001683831215e-05
Bloom,10,HIT,1.7300015315413475e-05
Bloom,10,HIT,1.7300015315413475e-05
Bloom,50,HIT,2.440018579363823e-05
Bloom,50,HIT,1.800013706088066e-05
Bloom,50,HIT,1.7700018361210823e-05
Bloom,50,HIT,1.7700018361210823e-05
Bloom,50,HIT,1.7999904230237007e-05
Bloom,50,HIT,1.8099788576364517e-05
Bloom,50,HIT,1.7800135537981987e-05
Bloom,50,HIT,1.7799902707338333e-05
Bloom,50,HIT,1.759990118443966e-05
Bloom,50,HIT,1.750001683831215e-05
Bloom,100,HIT,2.5900080800056458e-05
Bloom,100,HIT,1.8999911844730377e-05
Bloom,100,HIT,1.8900027498602867e-05
Bloom,100,HIT,1.840014010667801e-05
Bloom,100,HIT,1.8399907276034355e-05
Bloom,100,HIT,1.8700025975704193e-05
Bloom,100,HIT,1.8200138583779335e-05
Bloom,100,HIT,1.850002445280552e-05
Bloom,100,HIT,1.8300022929906845e-05
Bloom,100,HIT,1.850002445280552e-05
Bloom,500,HIT,2.4300068616867065e-05
Bloom,500,HIT,1.8700025975704193e-05
Bloom,500,HIT,1.850002445280552e-05
Bloom,500,HIT,1.7900019884109497e-05
Bloom,500,HIT,1.819990575313568e-05
Bloom,500,HIT,1.7999904230237007e-05
Bloom,500,HIT,1.7799902707338333e-05
Bloom,500,HIT,1.7799902707338333e-05
Bloom,500,HIT,1.7900019884109497e-05
Bloom,500,HIT,0.00011959997937083244
Bloom,1000,HIT,2.5700079277157784e-05
Bloom,1000,HIT,1.850002445280552e-05
Bloom,1000,HIT,1.819990575313568e-05
Bloom,1000,HIT,1.7899787053465843e-05
Bloom,1000,HIT,1.840014010667801e-05
Bloom,1000,HIT,1.8700025975704193e-05
Bloom,1000,HIT,1.8600141629576683e-05
Bloom,1000,HIT,1.8099788576364517e-05
Bloom,1000,HIT,3.200001083314419e-05
Bloom,1000,HIT,1.9300030544400215e-05
Bloom,5000,HIT,2.319994382560253e-05
Bloom,5000,HIT,1.8700025975704193e-05
Bloom,5000,HIT,1.840014010667801e-05
Bloom,5000,HIT,1.8200138583779335e-05
Bloom,5000,HIT,1.8200138583779335e-05
Bloom,5000,HIT,1.810002140700817e-05
Bloom,5000,HIT,1.819990575313568e-05
Bloom,5000,HIT,1.819990575313568e-05
Bloom,5000,HIT,1.810002140700817e-05
Bloom,5000,HIT,1.8099788576364517e-05
Bloom,10000,HIT,2.5499844923615456e-05
Bloom,10000,HIT,1.9200146198272705e-05
Bloom,10000,HIT,1.829979009926319e-05
Bloom,10000,HIT,1.8799910321831703e-05
Bloom,10000,HIT,1.8300022929906845e-05
Bloom,10000,HIT,1.7999904230237007e-05
Bloom,10000,HIT,1.8499791622161865e-05
Bloom,10000,HIT,1.8399907276034355e-05
Bloom,10000,HIT,1.810002140700817e-05
Bloom,10000,HIT,1.850002445280552e-05
Bloom,50000,HIT,2.3999949917197227e-05
Bloom,50000,HIT,1.8300022929906845e-05
Bloom,50000,HIT,1.800013706088066e-05
Bloom,50000,HIT,1.7700018361210823e-05
Bloom,50000,HIT,1.7499784007668495e-05
Bloom,50000,HIT,1.740013249218464e-05
Bloom,50000,HIT,1.7900019884109497e-05
Bloom,50000,HIT,1.7900019884109497e-05
Bloom,50000,HIT,1.750001683831215e-05
Bloom,50000,HIT,1.7700018361210823e-05
Bloom,100000,HIT,2.519995905458927e-05
Bloom,100000,HIT,1.7999904230237007e-05
Bloom,100000,HIT,1.819990575313568e-05
Bloom,100000,HIT,1.7900019884109497e-05
Bloom,100000,HIT,1.7999904230237007e-05
Bloom,100000,HIT,1.7700018361210823e-05
Bloom,100000,HIT,1.7900019884109497e-05
Bloom,100000,HIT,1.810002140700817e-05
Bloom,100000,HIT,1.810002140700817e-05
Bloom,100000,HIT,1.810002140700817e-05
Bloom,500000,HIT,2.4099834263324738e-05
Bloom,500000,HIT,1.8900027498602867e-05
Bloom,500000,HIT,1.859990879893303e-05
Bloom,500000,HIT,1.859990879893303e-05
Bloom,500000,HIT,1.8799910321831703e-05
Bloom,500000,HIT,1.8700025975704193e-05
Bloom,500000,HIT,1.8600141629576683e-05
Bloom,500000,HIT,1.8600141629576683e-05
Bloom,500000,HIT,1.8700025975704193e-05
Bloom,500000,HIT,1.8900027498602867e-05
Bloom,1000000,HIT,2.4999957531690598e-05
Bloom,1000000,HIT,1.929979771375656e-05
Bloom,1000000,HIT,1.9300030544400215e-05
Bloom,1000000,HIT,1.8999911844730377e-05
Bloom,1000000,HIT,1.919991336762905e-05
Bloom,1000000,HIT,1.900014467537403e-05
Bloom,1000000,HIT,1.8999911844730377e-05
Bloom,1000000,HIT,1.8999911844730377e-05
Bloom,1000000,HIT,1.8900027498602867e-05
Bloom,1000000,HIT,1.910002902150154e-05
Bloom,5000000,HIT,2.3399945348501205e-05
Bloom,5000000,HIT,1.8200138583779335e-05
Bloom,5000000,HIT,1.7799902707338333e-05
Bloom,5000000,HIT,1.7900019884109497e-05
Bloom,5000000,HIT,1.810002140700817e-05
Bloom,5000000,HIT,1.7900019884109497e-05
Bloom,5000000,HIT,1.7900019884109497e-05
Bloom,5000000,HIT,1.810002140700817e-05
Bloom,5000000,HIT,1.7799902707338333e-05
Bloom,5000000,HIT,1.750001683831215e-05
Bloom,10000000,HIT,2.3499829694628716e-05
Bloom,10000000,HIT,1.8300022929906845e-05
Bloom,10000000,HIT,1.8099788576364517e-05
Bloom,10000000,HIT,1.810002140700817e-05
Bloom,10000000,HIT,1.7800135537981987e-05
Bloom,10000000,HIT,1.8300022929906845e-05
Bloom,10000000,HIT,1.800013706088066e-05
Bloom,10000000,HIT,1.7799902707338333e-05
Bloom,10000000,HIT,1.850002445280552e-05
Bloom,10000000,HIT,1.7800135537981987e-05
Bloom,10,MISS,2.019992098212242e-05
Bloom,10,MISS,1.5600118786096573e-05
Bloom,10,MISS,1.5300000086426735e-05
Bloom,10,MISS,1.5099998563528061e-05
Bloom,10,MISS,1.4999881386756897e-05
Bloom,10,MISS,1.5200115740299225e-05
Bloom,10,MISS,1.5099998563528061e-05
Bloom,10,MISS,1.5099998563528061e-05
Bloom,10,MISS,1.5199882909655571e-05
Bloom,10,MISS,1.5399884432554245e-05
Bloom,50,MISS,3.0700117349624634e-05
Bloom,50,MISS,1.550000160932541e-05
Bloom,50,MISS,1.4999881386756897e-05
Bloom,50,MISS,1.490022987127304e-05
Bloom,50,MISS,1.5200115740299225e-05
Bloom,50,MISS,1.4899997040629387e-05
Bloom,50,MISS,1.4800112694501877e-05
Bloom,50,MISS,1.500011421740055e-05
Bloom,50,MISS,1.4800112694501877e-05
Bloom,50,MISS,1.500011421740055e-05
Bloom,100,MISS,1.9900035113096237e-05
Bloom,100,MISS,1.5200115740299225e-05
Bloom,100,MISS,1.4899997040629387e-05
Bloom,100,MISS,1.4799879863858223e-05
Bloom,100,MISS,3.200001083314419e-05
Bloom,100,MISS,1.4899997040629387e-05
Bloom,100,MISS,1.4699995517730713e-05
Bloom,100,MISS,1.4799879863858223e-05
Bloom,100,MISS,1.4999881386756897e-05
Bloom,100,MISS,1.4899997040629387e-05
Bloom,500,MISS,1.9300030544400215e-05
Bloom,500,MISS,1.5200115740299225e-05
Bloom,500,MISS,1.54001172631979e-05
Bloom,500,MISS,1.4899997040629387e-05
Bloom,500,MISS,1.5300000086426735e-05
Bloom,500,MISS,1.4699995517730713e-05
Bloom,500,MISS,1.500011421740055e-05
Bloom,500,MISS,1.4799879863858223e-05
Bloom,500,MISS,1.4899997040629387e-05
Bloom,500,MISS,1.5099998563528061e-05
Bloom,1000,MISS,2.119992859661579e-05
Bloom,1000,MISS,1.5199882909655571e-05
Bloom,1000,MISS,1.4899997040629387e-05
Bloom,1000,MISS,1.4699995517730713e-05
Bloom,1000,MISS,1.4799879863858223e-05
Bloom,1000,MISS,1.4499993994832039e-05
Bloom,1000,MISS,1.4599878340959549e-05
Bloom,1000,MISS,1.4600111171603203e-05
Bloom,1000,MISS,1.4600111171603203e-05
Bloom,1000,MISS,1.5399884432554245e-05
Bloom,5000,MISS,2.0099803805351257e-05
Bloom,5000,MISS,1.5300000086426735e-05
Bloom,5000,MISS,1.5300000086426735e-05
Bloom,5000,MISS,1.5099998563528061e-05
Bloom,5000,MISS,1.5099998563528061e-05
Bloom,5000,MISS,1.5099998563528061e-05
Bloom,5000,MISS,1.500011421740055e-05
Bloom,5000,MISS,1.4899997040629387e-05
Bloom,5000,MISS,1.5199882909655571e-05
Bloom,5000,MISS,1.4899997040629387e-05
Bloom,10000,MISS,2.1399930119514465e-05
Bloom,10000,MISS,1.5700003132224083e-05
Bloom,10000,MISS,1.500011421740055e-05
Bloom,10000,MISS,1.5300000086426735e-05
Bloom,10000,MISS,1.54001172631979e-05
Bloom,10000,MISS,1.5300000086426735e-05
Bloom,10000,MISS,1.4899997040629387e-05
Bloom,10000,MISS,1.4999881386756897e-05
Bloom,10000,MISS,1.5099998563528061e-05
Bloom,10000,MISS,1.5099998563528061e-05
Bloom,50000,MISS,1.8799910321831703e-05
Bloom,50000,MISS,1.54001172631979e-05
Bloom,50000,MISS,1.4899997040629387e-05
Bloom,50000,MISS,1.4800112694501877e-05
Bloom,50000,MISS,1.4899997040629387e-05
Bloom,50000,MISS,1.4600111171603203e-05
Bloom,50000,MISS,1.4800112694501877e-05
Bloom,50000,MISS,1.4799879863858223e-05
Bloom,50000,MISS,1.4599878340959549e-05
Bloom,50000,MISS,1.4499993994832039e-05
Bloom,100000,MISS,2.0900042727589607e-05
Bloom,100000,MISS,1.54001172631979e-05
Bloom,100000,MISS,1.5199882909655571e-05
Bloom,100000,MISS,1.500011421740055e-05
Bloom,100000,MISS,1.4999881386756897e-05
Bloom,100000,MISS,0.00011740019544959068
Bloom,100000,MISS,1.500011421740055e-05
Bloom,100000,MISS,1.5300000086426735e-05
Bloom,100000,MISS,1.4800112694501877e-05
Bloom,100000,MISS,1.4999881386756897e-05
Bloom,500000,MISS,2.1600164473056793e-05
Bloom,500000,MISS,1.550000160932541e-05
Bloom,500000,MISS,8.299993351101875e-05
Bloom,500000,MISS,1.5099998563528061e-05
Bloom,500000,MISS,1.4899997040629387e-05
Bloom,500000,MISS,1.4800112694501877e-05
Bloom,500000,MISS,1.5200115740299225e-05
Bloom,500000,MISS,1.5399884432554245e-05
Bloom,500000,MISS,1.5099998563528061e-05
Bloom,500000,MISS,1.4999881386756897e-05
Bloom,1000000,MISS,2.0700041204690933e-05
Bloom,1000000,MISS,1.5700003132224083e-05
Bloom,1000000,MISS,1.5099998563528061e-05
Bloom,1000000,MISS,1.5600118786096573e-05
Bloom,1000000,MISS,1.500011421740055e-05
Bloom,1000000,MISS,1.4899997040629387e-05
Bloom,1000000,MISS,1.5200115740299225e-05
Bloom,1000000,MISS,1.5099998563528061e-05
Bloom,1000000,MISS,1.4899997040629387e-05
Bloom,1000000,MISS,1.500011421740055e-05
Bloom,5000000,MISS,2.2999942302703857e-05
Bloom,5000000,MISS,1.5300000086426735e-05
Bloom,5000000,MISS,1.5099998563528061e-05
Bloom,5000000,MISS,1.4899997040629387e-05
Bloom,5000000,MISS,1.500011421740055e-05
Bloom,5000000,MISS,1.4899997040629387e-05
Bloom,5000000,MISS,1.4899997040629387e-05
Bloom,5000000,MISS,1.5099998563528061e-05
Bloom,5000000,MISS,1.5099998563528061e-05
Bloom,5000000,MISS,1.4899997040629387e-05
Bloom,10000000,MISS,2.1900050342082977e-05
Bloom,10000000,MISS,1.5600118786096573e-05
Bloom,10000000,MISS,1.4699995517730713e-05
Bloom,10000000,MISS,1.4699995517730713e-05
Bloom,10000000,MISS,1.4799879863858223e-05
Bloom,10000000,MISS,1.4499993994832039e-05
Bloom,10000000,MISS,1.4800112694501877e-05
Bloom,10000000,MISS,1.4799879863858223e-05
Bloom,10000000,MISS,1.4600111171603203e-05
Bloom,10000000,MISS,1.4599878340959549e-05
Cuckoo,10,HIT,0.00021580001339316368
Cuckoo,10,HIT,0.00020150002092123032
Cuckoo,10,HIT,0.0001970999874174595
Cuckoo,10,HIT,0.00019489997066557407
Cuckoo,10,HIT,0.00020150002092123032
Cuckoo,10,HIT,0.0001963998656719923
Cuckoo,10,HIT,0.0001954999752342701
Cuckoo,10,HIT,0.00025960011407732964
Cuckoo,10,HIT,0.00020270003005862236
Cuckoo,10,HIT,0.00029630004428327084
Cuckoo,50,HIT,0.00022749998606741428
Cuckoo,50,HIT,0.0002095999661833048
Cuckoo,50,HIT,0.00020819995552301407
Cuckoo,50,HIT,0.0002071000635623932
Cuckoo,50,HIT,0.00020749983377754688
Cuckoo,50,HIT,0.00020670006051659584
Cuckoo,50,HIT,0.0002172999083995819
Cuckoo,50,HIT,0.00020640017464756966
Cuckoo,50,HIT,0.0002047000452876091
Cuckoo,50,HIT,0.0002055000513792038
Cuckoo,100,HIT,0.0002359999343752861
Cuckoo,100,HIT,0.0002095999661833048
Cuckoo,100,HIT,0.0002117999829351902
Cuckoo,100,HIT,0.0002087999600917101
Cuckoo,100,HIT,0.00020740018226206303
Cuckoo,100,HIT,0.00026819994673132896
Cuckoo,100,HIT,0.00021059997379779816
Cuckoo,100,HIT,0.0002087999600917101
Cuckoo,100,HIT,0.00020890007726848125
Cuckoo,100,HIT,0.00021029985509812832
Cuckoo,500,HIT,0.00022820010781288147
Cuckoo,500,HIT,0.00021070009097456932
Cuckoo,500,HIT,0.0002079999540001154
Cuckoo,500,HIT,0.00020590005442500114
Cuckoo,500,HIT,0.0002079999540001154
Cuckoo,500,HIT,0.00020909984596073627
Cuckoo,500,HIT,0.000206399941816926
Cuckoo,500,HIT,0.00020750006660819054
Cuckoo,500,HIT,0.00020660017617046833
Cuckoo,500,HIT,0.00020689982920885086
Cuckoo,1000,HIT,0.0002514999359846115
Cuckoo,1000,HIT,0.00020779995247721672
Cuckoo,1000,HIT,0.00020610005594789982
Cuckoo,1000,HIT,0.00020679994486272335
Cuckoo,1000,HIT,0.00020480016246438026
Cuckoo,1000,HIT,0.0003402999136596918
Cuckoo,1000,HIT,0.00021069985814392567
Cuckoo,1000,HIT,0.0002077000681310892
Cuckoo,1000,HIT,0.0002047000452876091
Cuckoo,1000,HIT,0.00028490019030869007
Cuckoo,5000,HIT,0.00023559993132948875
Cuckoo,5000,HIT,0.0002180999144911766
Cuckoo,5000,HIT,0.00021070009097456932
Cuckoo,5000,HIT,0.00022440007887780666
Cuckoo,5000,HIT,0.0002118998672813177
Cuckoo,5000,HIT,0.0002112998627126217
Cuckoo,5000,HIT,0.00020789983682334423
Cuckoo,5000,HIT,0.0002055000513792038
Cuckoo,5000,HIT,0.0002047999296337366
Cuckoo,5000,HIT,0.0002084001898765564
Cuckoo,10000,HIT,0.00025720009580254555
Cuckoo,10000,HIT,0.0003021999727934599
Cuckoo,10000,HIT,0.00021780002862215042
Cuckoo,10000,HIT,0.00021119997836649418
Cuckoo,10000,HIT,0.00021059997379779816
Cuckoo,10000,HIT,0.00021070009097456932
Cuckoo,10000,HIT,0.00020870007574558258
Cuckoo,10000,HIT,0.0002046001609414816
Cuckoo,10000,HIT,0.00037979986518621445
Cuckoo,10000,HIT,0.00023850006982684135
Cuckoo,50000,HIT,0.00023319991305470467
Cuckoo,50000,HIT,0.0002118998672813177
Cuckoo,50000,HIT,0.0002095999661833048
Cuckoo,50000,HIT,0.0002500999253243208
Cuckoo,50000,HIT,0.0002101000864058733
Cuckoo,50000,HIT,0.0002139001153409481
Cuckoo,50000,HIT,0.000210499856621027
Cuckoo,50000,HIT,0.00020919996313750744
Cuckoo,50000,HIT,0.0002080998383462429
Cuckoo,50000,HIT,0.00020919996313750744
Cuckoo,100000,HIT,0.00023870007134974003
Cuckoo,100000,HIT,0.0002009000163525343
Cuckoo,100000,HIT,0.00019620009697973728
Cuckoo,100000,HIT,0.0001970999874174595
Cuckoo,100000,HIT,0.0001979998778551817
Cuckoo,100000,HIT,0.00021590013056993484
Cuckoo,100000,HIT,0.00019959989003837109
Cuckoo,100000,HIT,0.0001970999874174595
Cuckoo,100000,HIT,0.00019899988546967506
Cuckoo,100000,HIT,0.00019640009850263596
Cuckoo,500000,HIT,0.00022309995256364346
Cuckoo,500000,HIT,0.00020079989917576313
Cuckoo,500000,HIT,0.00020650005899369717
Cuckoo,500000,HIT,0.0002033999189734459
Cuckoo,500000,HIT,0.0002000001259148121
Cuckoo,500000,HIT,0.00020200014114379883
Cuckoo,500000,HIT,0.00019779987633228302
Cuckoo,500000,HIT,0.0002006001304835081
Cuckoo,500000,HIT,0.00019999989308416843
Cuckoo,500000,HIT,0.0001993000041693449
Cuckoo,1000000,HIT,0.0002335000317543745
Cuckoo,1000000,HIT,0.0002131001092493534
Cuckoo,1000000,HIT,0.00020979996770620346
Cuckoo,1000000,HIT,0.00020690006203949451
Cuckoo,1000000,HIT,0.0002077000681310892
Cuckoo,1000000,HIT,0.00020929984748363495
Cuckoo,1000000,HIT,0.00020790006965398788
Cuckoo,1000000,HIT,0.00020580017007887363
Cuckoo,1000000,HIT,0.00020570005290210247
Cuckoo,1000000,HIT,0.00020970008336007595
Cuckoo,5000000,HIT,0.00022400007583200932
Cuckoo,5000000,HIT,0.00020450004376471043
Cuckoo,5000000,HIT,0.00024339999072253704
Cuckoo,5000000,HIT,0.00020510004833340645
Cuckoo,5000000,HIT,0.00020240014418959618
Cuckoo,5000000,HIT,0.00020350003615021706
Cuckoo,5000000,HIT,0.00020030001178383827
Cuckoo,5000000,HIT,0.00019910000264644623
Cuckoo,5000000,HIT,0.00020080013200640678
Cuckoo,5000000,HIT,0.00020100013352930546
Cuckoo,10000000,HIT,0.0002266999799758196
Cuckoo,10000000,HIT,0.0002101000864058733
Cuckoo,10000000,HIT,0.00020660017617046833
Cuckoo,10000000,HIT,0.00020529981702566147
Cuckoo,10000000,HIT,0.00020570005290210247
Cuckoo,10000000,HIT,0.00020869984291493893
Cuckoo,10000000,HIT,0.0002055000513792038
Cuckoo,10000000,HIT,0.0002050998155027628
Cuckoo,10000000,HIT,0.00020270003005862236
Cuckoo,10000000,HIT,0.00020510004833340645
Cuckoo,10,MISS,0.00028360006399452686
Cuckoo,10,MISS,0.0002649999223649502
Cuckoo,10,MISS,0.00026400014758110046
Cuckoo,10,MISS,0.00026240013539791107
Cuckoo,10,MISS,0.00026260013692080975
Cuckoo,10,MISS,0.00026389979757368565
Cuckoo,10,MISS,0.0002633000258356333
Cuckoo,10,MISS,0.0002633999101817608
Cuckoo,10,MISS,0.00026369979605078697
Cuckoo,10,MISS,0.0003174000885337591
Cuckoo,50,MISS,0.00028469995595514774
Cuckoo,50,MISS,0.0002657999284565449
Cuckoo,50,MISS,0.0002661000471562147
Cuckoo,50,MISS,0.00026480015367269516
Cuckoo,50,MISS,0.0002905998844653368
Cuckoo,50,MISS,0.00030860002152621746
Cuckoo,50,MISS,0.00026750005781650543
Cuckoo,50,MISS,0.0002639000304043293
Cuckoo,50,MISS,0.0004547999706119299
Cuckoo,50,MISS,0.0002766998950392008
Cuckoo,100,MISS,0.0003007999621331692
Cuckoo,100,MISS,0.0002779001370072365
Cuckoo,100,MISS,0.00027449987828731537
Cuckoo,100,MISS,0.0002718998584896326
Cuckoo,100,MISS,0.00027540000155568123
Cuckoo,100,MISS,0.0002764000091701746
Cuckoo,100,MISS,0.00027540000155568123
Cuckoo,100,MISS,0.0002764000091701746
Cuckoo,100,MISS,0.00027190009132027626
Cuckoo,100,MISS,0.00027369987219572067
Cuckoo,500,MISS,0.00028190016746520996
Cuckoo,500,MISS,0.0002657999284565449
Cuckoo,500,MISS,0.00033219996839761734
Cuckoo,500,MISS,0.00026970007456839085
Cuckoo,500,MISS,0.0005649998784065247
Cuckoo,500,MISS,0.00028460007160902023
Cuckoo,500,MISS,0.0002742998767644167
Cuckoo,500,MISS,0.000453100074082613
Cuckoo,500,MISS,0.0004547999706119299
Cuckoo,500,MISS,0.000282500172033906
Cuckoo,1000,MISS,0.00029520015232264996
Cuckoo,1000,MISS,0.00027359998784959316
Cuckoo,1000,MISS,0.0003559000324457884
Cuckoo,1000,MISS,0.0002869002055376768
Cuckoo,1000,MISS,0.00027779978699982166
Cuckoo,1000,MISS,0.0002758000046014786
Cuckoo,1000,MISS,0.0002932001370936632
Cuckoo,1000,MISS,0.0002788000274449587
Cuckoo,1000,MISS,0.0002764000091701746
Cuckoo,1000,MISS,0.0006638998165726662
Cuckoo,5000,MISS,0.0003883000463247299
Cuckoo,5000,MISS,0.00035809981636703014
Cuckoo,5000,MISS,0.00028220005333423615
Cuckoo,5000,MISS,0.00027449987828731537
Cuckoo,5000,MISS,0.00029479991644620895
Cuckoo,5000,MISS,0.0002793001476675272
Cuckoo,5000,MISS,0.000274500111117959
Cuckoo,5000,MISS,0.00029000011272728443
Cuckoo,5000,MISS,0.00027820002287626266
Cuckoo,5000,MISS,0.00027820002287626266
Cuckoo,10000,MISS,0.0002929000183939934
Cuckoo,10000,MISS,0.00027299998328089714
Cuckoo,10000,MISS,0.00027379998937249184
Cuckoo,10000,MISS,0.0002709999680519104
Cuckoo,10000,MISS,0.0002701999619603157
Cuckoo,10000,MISS,0.00027139997109770775
Cuckoo,10000,MISS,0.00027069984935224056
Cuckoo,10000,MISS,0.00026950007304549217
Cuckoo,10000,MISS,0.0002686998341232538
Cuckoo,10000,MISS,0.00026979995891451836
Cuckoo,50000,MISS,0.00030339998193085194
Cuckoo,50000,MISS,0.000274500111117959
Cuckoo,50000,MISS,0.00027110008522868156
Cuckoo,50000,MISS,0.0002723999787122011
Cuckoo,50000,MISS,0.00027130008675158024
Cuckoo,50000,MISS,0.0003831000067293644
Cuckoo,50000,MISS,0.0002933000214397907
Cuckoo,50000,MISS,0.0002794000320136547
Cuckoo,50000,MISS,0.00031100003980100155
Cuckoo,50000,MISS,0.00034619984216988087
Cuckoo,100000,MISS,0.0002948001492768526
Cuckoo,100000,MISS,0.00027439999394118786
Cuckoo,100000,MISS,0.0002731001004576683
Cuckoo,100000,MISS,0.0002706001978367567
Cuckoo,100000,MISS,0.0002701999619603157
Cuckoo,100000,MISS,0.00027190009132027626
Cuckoo,100000,MISS,0.00030080019496381283
Cuckoo,100000,MISS,0.0002766998950392008
Cuckoo,100000,MISS,0.00027290009893476963
Cuckoo,100000,MISS,0.0002749999985098839
Cuckoo,500000,MISS,0.0004924999084323645
Cuckoo,500000,MISS,0.00027920003049075603
Cuckoo,500000,MISS,0.00027449987828731537
Cuckoo,500000,MISS,0.0002723000943660736
Cuckoo,500000,MISS,0.00027240021154284477
Cuckoo,500000,MISS,0.0002758998889476061
Cuckoo,500000,MISS,0.0002728002145886421
Cuckoo,500000,MISS,0.0002731999848037958
Cuckoo,500000,MISS,0.0002703999634832144
Cuckoo,500000,MISS,0.0002758998889476061
Cuckoo,1000000,MISS,0.00030780001543462276
Cuckoo,1000000,MISS,0.0002858999650925398
Cuckoo,1000000,MISS,0.0002829998265951872
Cuckoo,1000000,MISS,0.0002826000563800335
Cuckoo,1000000,MISS,0.0002821998205035925
Cuckoo,1000000,MISS,0.00028540007770061493
Cuckoo,1000000,MISS,0.00028249993920326233
Cuckoo,1000000,MISS,0.00028229993768036366
Cuckoo,1000000,MISS,0.00028159981593489647
Cuckoo,1000000,MISS,0.0002828999422490597
Cuckoo,5000000,MISS,0.00030880002304911613
Cuckoo,5000000,MISS,0.00028900010511279106
Cuckoo,5000000,MISS,0.00042940001003444195
Cuckoo,5000000,MISS,0.0002810999285429716
Cuckoo,5000000,MISS,0.0002791001461446285
Cuckoo,5000000,MISS,0.0002794000320136547
Cuckoo,5000000,MISS,0.00027379998937249184
Cuckoo,5000000,MISS,0.000273300101980567
Cuckoo,5000000,MISS,0.0002731999848037958
Cuckoo,5000000,MISS,0.0002737001050263643
Cuckoo,10000000,MISS,0.0003429001662880182
Cuckoo,10000000,MISS,0.00027769990265369415
Cuckoo,10000000,MISS,0.0002758000046014786
Cuckoo,10000000,MISS,0.00029589980840682983
Cuckoo,10000000,MISS,0.0002762000076472759
Cuckoo,10000000,MISS,0.00028149993158876896
Cuckoo,10000000,MISS,0.0002957000397145748
Cuckoo,10000000,MISS,0.0002764998935163021
Cuckoo,10000000,MISS,0.0002763001248240471
Cuckoo,10000000,MISS,0.00027860002592206
